{"cameraMode":{"drawMode":0,"name":"Shaded","section":"Shading Mode"},"sceneLighting":true,"audioPlay":false,"sceneViewState":{"showFog":true,"showMaterialUpdate":true,"showSkybox":true,"showFlares":true,"showImageEffects":true,"showParticleSystems":true},"in2DMode":false,"pivot":{"x":6.7338738441467289,"y":-2.250424385070801,"z":5.353782653808594},"rotation":{"x":0.09104275703430176,"y":0.8834136128425598,"z":-0.41730818152427676,"w":0.19273141026496888},"size":8.755626678466797,"orthographic":false}